Strategy,Success Rate (%),Average Margin
Q2S,91.66666666666666,0.6326599491648511
Avg,91.66666666666666,0.6326599491648511
Min,91.66666666666666,0.6326599491648511
Random,81.50462962962965,0.4505761977657718
