Strategy,Success Rate (%),Average Margin
Q2S,76.88888888888889,0.4590405411677342
Avg,80.0,0.4769411955815465
Min,73.33333333333333,0.44196273863671526
Random,62.68666666666667,0.33781603313840153
