Strategy,Success Rate (%),Average Margin
Score,21.0,0.06440942222222222
Avg,22.333333333333332,0.07023159999999999
Min,19.400000000000002,0.054555799999999995
Rnd,16.377777777777776,0.042349000000000005
