Strategy,Success Rate (%),Average Margin,Margin Variance
Score,21.0,0.30671153439153437,0.010915508669782978
Avg,22.333333333333332,0.31446985074626865,0.013460319518403997
Min,19.400000000000002,0.2812154639175258,0.007415135918849901
Rnd,16.377777777777776,0.25857598371777474,0.009437408267543213
