Strategy,Success Rate (%),Average Margin
Q2S,91.66666666666666,0.5624571445862295
Avg,91.66666666666666,0.5627410952035136
Min,91.66666666666666,0.5594201075491925
Random,79.96720679012346,0.42940721287514777
