Strategy,Success Rate (%),Average Margin,Margin Variance
Score,25.486666666666668,0.2623832853779754,0.006197011657290456
Avg,23.166666666666664,0.29670975539568345,0.006461985966795497
Min,23.1,0.23811878787878787,0.005518136671226408
Rnd,18.597777777777775,0.2543952802007408,0.006399507531497123
