Strategy,Success Rate (%),Average Margin
Score,25.486666666666668,0.06687275333333334
Avg,23.166666666666664,0.06873776
Min,23.1,0.055005439999999996
Rnd,18.597777777777775,0.047311868888888886
