Strategy,Success Rate (%),Average Margin
Q2S,80.0,0.5524270325414117
Avg,80.0,0.5524270325414117
Min,80.0,0.5524270325414117
Random,66.43456790123456,0.3703931227228888
