Strategy,Success Rate (%),Average Margin
Q2S,80.0,0.4929686241208874
Avg,80.0,0.5046208112874779
Min,80.0,0.4838438173623359
Random,68.18567901234567,0.3710855675310819
