Strategy,Success Rate (%),Average Margin
Q2S,42.5,-0.03728858024691358
Avg,42.5,-0.03728858024691358
Min,42.5,-0.051644444444444444
Random,38.135416666666664,-0.1511272668038409
